YEAR,L3,DOLLARS,MSHARE
2010,PEPSICO INC,7176357.53,0.6250591324733414
2010,Others,4304728.27,0.37494086752665845
2011,PEPSICO INC,330863681.12,0.58920524496288
2011,Others,230678640.42,0.41079475503712004
2012,PEPSICO INC,343839337.77,0.5866760952792485
2012,Others,242241023.33,0.4133239047207514
