YEAR,L3,DOLLARS,MSHARE
2011,PEPSICO INC,331455658.83,0.5896041747458943
2011,Others,230710745.39,0.4103958252541055
2012,PEPSICO INC,350423717.59,0.5870359917039002
2012,Others,246513646.63,0.41296400829609975
