YEAR,L3,DOLLARS,MSHARE
2010,PEPSICO INC,416091.14,0.2030495440896558
2010,Others,1633118.78,0.7969504559103443
2011,PEPSICO INC,15571205.78,0.17206678631658542
2011,Others,74923921.80000001,0.8279332136834145
2012,PEPSICO INC,11775744.22,0.14910506189422373
2012,Others,67200409.03999999,0.8508949381057761
